Workbook

Sheet Summary of Scores
A1: Top 3 Ddx | B1: CREST | C1: Scleroderma | D1: EoE
A2: Top 3 Orders | B2: ANA | C2: Anti-centromere | D2: EGD
A3: Case Duration | B3: 11 min, 19 sec
B5: Diagnostic framework nodes
B6: Cardiac | C6: GERD | D6: Esoph Dysphagia | E6: RA | F6: CREST
A7: Dials (organized by color) | B7: =Cardiac!E38 -> -7 | C7: =GERD!E26 -> -3 | D7: ='Esophageal Dysphagia'!E25 -> 14 | E7: =RA!E23 -> 5 | F7: =CREST!E26 -> 24
A8: ending quintile real | B8: {=_xlfn.IFS(Cardiac!C42<0,0,Cardiac!C42>100,100,AND(Cardiac!C42>0,Cardiac!C42<100),Cardiac!C42)} -> 30 | C8: {=_xlfn.IFS(GERD!C30<0,0,GERD!C30>100,100,AND(GERD!C30>0,GERD!C30<100),GERD!C30)} -> 50 | D8: {=_xlfn.IFS('Esophageal Dysphagia'!C29<0,0,'Esophageal Dysphagia'!C29>100,100,AND('Esophageal Dysphagia'!C29>0,'Esophageal Dysphagia'!C29<100),'Esophageal Dysphagia'!C29)} -> 90 | E8: {=_xlfn.IFS(RA!C27<0,0,RA!C27>100,100,AND(RA!C27>0,RA!C27<100),RA!C27)} -> 30 | F8: {=_xlfn.IFS(CREST!C30<0,0,CREST!C30>100,100,AND(CREST!C30>0,CREST!C30<100),CREST!C30)} -> 90
A9: ending quintile ideal | B9: 0-20 | C9: 40-60 | D9: 80-100 | E9: 20-40 | F9: 80-100
A10: % key features captured within each node | B10: =COUNTIF(Cardiac!A8:A31,"Y")/COUNTA(Cardiac!A8:A31) -> 0.26086957 | C10: =COUNTIF(GERD!A8:A19,"Y")/COUNTA(GERD!A8:A19) -> 0.18181818 | D10: =COUNTIF('Esophageal Dysphagia'!A8:A17,"Y")/COUNTA('Esophageal Dysphagia'!A8:A17) -> 0.33333333 | E10: =COUNTIF(RA!A8:A15,"Y")/COUNTA(RA!A8:A15) -> 0.28571429 | F10: =COUNTIF(CREST!A8:A18,"Y")/COUNTA(CREST!A8:A18) -> 0.6
A11: % key features captured across all nodes | B11: =SUM(COUNTIF(Cardiac!A8:A31,"Y"),COUNTIF(GERD!A8:A19,"Y"),COUNTIF('Esophageal Dysphagia'!A8:A17,"Y"),COUNTIF(RA!A8:A15,"Y"),COUNTIF(CREST!A18,"Y"))/SUM(COUNTA(Cardiac!A8:A31),COUNTA(GERD!A8:A19),COUNTA('Esophageal Dysphagia'!A8:A17),COUNTA(RA!A8:A15),COUNTA(CREST!A8:A18)) -> 0.21666667
A12: # of major key features captured in interview | B12: 9
A13: % major key features captured per question asked | B13: =B12/B17 -> 0.5
A14: *change in relative entropy within node
A15: *net change in relative entropy
A16: *net change in bayesian estimator
A17: # of questions asked | B17: 18
A18: *entropy reduction per question | B18: =B15/B17 -> 0
A19: *time to peak slope of entropy reduction
A20: PR score total | B20: ='PR score'!A18 -> 10

Sheet Cardiac
B1: Key Features by Dimension
B3: Major Feature | E3: Unknown LR = Regression to the Mean
B4: Minor Feature
A7: Y/N | B7: Cardiac | C7: Direction | D7: Major or Minor | E7: LR
A8: N | B8: Pain not worse with exertion (requires they clarify exercise 1hr after meal) | C8: 1- | D8: MAJOR | E8: 0.8 | F8: hint: can capture this key feature or A26 feature but *NOT* both
A9: Y | B9: "Do you have any PMHx?" (counts as 2 independent minor features) | C9: 1- | D9: minor | E9: 0.97
A10: Y | C10: 1- | D10: minor | E10: 0.97
A11: Y | B11: no tobacco | C11: 1- | D11: minor | E11: 0.96
A12: N | B12: no associated shortness of breath | C12: 1- | D12: minor | E12: 0.89
A13: N | B13: no radiation to the neck, arm, or jaw? | C13: 1- | D13: minor | E13: 0.9
A14: N | B14: positional chest pain (worse when laying down) | C14: 1- | D14: MAJOR | E14: 0.3
A15: Y | B15: What were you doing when the chest pain started? (eating) | C15: 1- | D15: MAJOR | E15: 0.8 | F15: hint: should correspond to esoph dysphagia post-test odds jumping up 1 quintiles
A16: Y | B16: Alternative cause of esoph dysphagia becomes obvious(food gets stuck or relieved by regurgitation of food) | C16: 1- | D16: MAJOR | E16: 0.8
A17: N | B17: no prior CAD | C17: 1- | D17: MAJOR | E17: 0.75
A18: N | B18: no PAD | C18: 1- | D18: minor | E18: 0.96
A19: N | B19: no HLD | C19: 1- | D19: minor | E19: 0.85
A20: N | B20: no prior MI | C20: 1- | D20: minor | E20: 0.88
A21: N | B21: no DM2 | C21: 1- | D21: minor | E21: 0.9
A22: N | B22: no obesity | C22: 1- | D22: minor | E22: 0.99
A23: N | B23: no history of stroke | C23: 1- | D23: minor | E23: 0.97
A24: N | B24: no diaphoresis | C24: 1- | D24: minor | E24: 0.91
A26: N | B26: Pain worse with exertion (without clarifying that it only occurs soley within an hour of eating) | C26: 1+ | D26: MAJOR | E26: 2
A27: N | B27: Decreased exercise x 3 months without clarifying post-prandial food fear | C27: 1+ | D27: minor | E27: 1.25
A28: N | B28: How would you describe the pain? (tightness) | C28: 1+ | D28: minor | E28: 1.9
... A31: Y | B31: HTN | C31: 1+ | D31: minor | E31: 1.2
C32: Manual | D32: Coded | F32: Quintile Points
B33: Total # of Major Features (1+) | D33: =COUNTIFS($A$8:$A$31,"Y",$C$8:$C$31,"1+",$D$8:$D$31,"MAJOR") -> 0 | E33: =D33*6 -> 0 | F33: =ROUNDDOWN(D33/1,0) -> 0
B34: Total # of Major Features (1-) | D34: =COUNTIFS($A$8:$A$31,"Y",$C$8:$C$31,"1-",$D$8:$D$31,"MAJOR") -> 2 | E34: =D34*3 -> 6 | F34: =-1*ROUNDDOWN(D34/2,0) -> -1
B35: Total # of Minor Features (1+) | D35: =COUNTIFS($A$8:$A$31,"Y",$C$8:$C$31,"1+",$D$8:$D$31,"minor") -> 1 | E35: =D35*2 -> 2 | F35: =ROUNDDOWN(D35/3,0) -> 0
B36: Total # of Minor Features (1-) | D36: =COUNTIFS($A$8:$A$31,"Y",$C$8:$C$31,"1-",$D$8:$D$31,"minor") -> 3 | E36: =D36*1 -> 3 | F36: =-1*ROUNDDOWN(D36/6,0) -> 0
B38: Weighted Key Features | E38: =(E33+E35)-(E34+E36) -> -7
B40: Starting Quintile | C40: 40-60
B41: Ending Quintile Ideal | C41: 0-20
B42: Ending Quintile Real | C42: =50+(SUM(F33:F36)*20) -> 30
B43: Pre-test odds | C43: 0.5
B44: Post-test odds | C44: 0.1

Sheet GERD
B1: Major Feature | C1: Unknown LR = Regression to the Mean
B2: Minor Feature
A7: Y/N | B7: GERD | C7: Direction | D7: Major or Minor | E7: LR
A8: N | B8: Heartburn (Postprandial burning or pain) | C8: 1+ | D8: MAJOR | E8: 2
A9: Y | B9: Reflux / regurgitation | C9: 1+ | D9: minor | E9: 1.25
A10: N | B10: Pain location behind sternum | C10: 1+ | D10: minor | E10: 1.25
A11: N | B11: Positional chest pain (worse when laying down) | C11: 1+ | D11: minor | E11: 1.25
A13: Y | B13: Alternative cause becomes obvious: esoph dysphagia (food gets stuck or relieved by regurgitation of food) | C13: 1- | D13: MAJOR | E13: 0.8
A14: N | B14: Do antacids help with your chest pain? | C14: 1- | D14: MAJOR | E14: 0.8
A15: N | B15: How would you describe the pain? (tightness… not burning) | C15: 1- | D15: minor | E15: 0.97
A16: N | B16: No hoarse voice | C16: 1- | D16: minor | E16: 0.97
A17: N | B17: No dry cough | C17: 1- | D17: minor | E17: 0.97
A18: N | B18: No globus | C18: 1- | D18: minor | E18: 0.97
A19: N | B19: No epigastric pain (dyspepsia) | C19: 1- | D19: minor | E19: 0.97
C20: Manual | D20: Coded | F20: Quintile Points
B21: Total # of Major Features (1+) | D21: =COUNTIFS($A$10:$A$21,"Y",$C$10:$C$21,"1+",$D$10:$D$21,"MAJOR") -> 0 | E21: =D21*6 -> 0 | F21: =ROUNDDOWN(D21/1,0) -> 0
B22: Total # of Major Features (1-) | D22: =COUNTIFS($A$10:$A$21,"Y",$C$10:$C$21,"1-",$D$10:$D$21,"MAJOR") -> 1 | E22: =D22*3 -> 3 | F22: =-1*ROUNDDOWN(D22/2,0) -> 0
B23: Total # of Minor Features (1+) | D23: =COUNTIFS($A$10:$A$21,"Y",$C$10:$C$21,"1+",$D$10:$D$21,"minor") -> 0 | E23: =D23*2 -> 0 | F23: =ROUNDDOWN(D23/3,0) -> 0
B24: Total # of Minor Features (1-) | D24: =COUNTIFS($A$10:$A$21,"Y",$C$10:$C$21,"1-",$D$10:$D$21,"minor") -> 0 | E24: =D24*1 -> 0 | F24: =-1*ROUNDDOWN(D24/6,0) -> 0
A26: Weighted Key Features | E26: =(E21+E23)-(E22+E24) -> -3
B28: Starting Quintile: | C28: 40-60
B29: Ending Quintile Ideal | C29: 40-60
B30: Ending Quintile Real | C30: =50+(SUM(F21:F24)*20) -> 50
B31: Pre-test odds | C31: 0.5
B32: Post-test odds | C32: 0.5

Sheet Esophageal Dysphagia
A7: Y/N | B7: Esophageal Dysphagia | C7: Direction | D7: Major or Minor | E7: LR
A8: Y | B8: Food gets stuck | C8: 1+ | D8: MAJOR | E8: 2
A9: Y | B9: Regurgitation provides relief | C9: 1+ | D9: MAJOR | E9: 2
A10: N | B10: Pain location behind sternum | C10: 1+ | D10: minor | E10: 1.25
A11: N | B11: Positional chest pain (worse when laying down) | C11: 1+ | D11: minor | E11: 1.25
A12: N | B12: How would you describe the pain? (tightness… not burning) | C12: 1+ | D12: minor | E12: 1.25
A13: N | B13: Difficulty swallowing liquids | C13: 1+ | D13: minor | E13: 1.25
A14: Y | B14: Weight loss | C14: 1+ | D14: minor | E14: 1.25
A16: N | B16: No FHx of cancer | C16: 1- | D16: minor | E16: 0.97
A17: N | B17: Does not use alcohol | C17: 1- | D17: minor | E17: 0.97
C19: Manual | D19: Coded | F19: Quintile Points
B20: Total # of Major Features (1+) | C20: 2 | D20: 2 | E20: =D20*6 -> 12 | F20: =ROUNDDOWN(D20/1,0) -> 2
B21: Total # of Major Features (1-) | D21: =COUNTIFS($A$13:$A$22,"Y",$C$13:$C$22,"1-",$D$13:$D$22,"MAJOR") -> 0 | E21: =D21*3 -> 0 | F21: =-1*ROUNDDOWN(D21/2,0) -> 0
B22: Total # of Minor Features (1+) | D22: =COUNTIFS($A$13:$A$22,"Y",$C$13:$C$22,"1+",$D$13:$D$22,"minor") -> 1 | E22: =D22*2 -> 2 | F22: =ROUNDDOWN(D22/3,0) -> 0
B23: Total # of Minor Features (1-) | D23: =COUNTIFS($A$13:$A$22,"Y",$C$13:$C$22,"1-",$D$13:$D$22,"minor") -> 0 | E23: =D23*1 -> 0 | F23: =-1*ROUNDDOWN(D23/6,0) -> 0
A25: Weighted Key Features | E25: =(E20+E22)-(E21+E23) -> 14
B27: Starting Quintile | C27: 40-60
B28: Ending Quintile Ideal | C28: 80-100
B29: Ending Quintile Real | C29: =50+(SUM(F20:F23)*20) -> 90
B30: Pre-test odds | C30: 0.5
B31: Post-test odds | C31: 0.9

Sheet RA
B1: Key Features by Dimension
B3: Major Feature | C3: Unknown LR = Regression to the Mean
B4: Minor Feature
A7: Y/N | B7: RA | C7: Direction | D7: Major or Minor | E7: LR
A8: N | B8: Pattern of hand pain: multiple symmetric joints hurt | C8: 1+ | D8: minor | E8: 1.2
A9: N | B9: Hand predominance disproportionate to other joint pain (must clarify relative to other joints) | C9: 1+ | D9: minor | E9: 1.5
A10: Y | B10: FHx of RA | C10: 1+ | D10: MAJOR | E10: 1.25
A12: N | B12: No morning stiffness | C12: 1- | D12: MAJOR | E12: 0.5
A13: N | B13: Lack of joint swelling | C13: 1- | D13: minor | E13: 0.97
A14: N | B14: No enlargement of knuckles, finger deformities, or deviation of fingers | C14: 1- | D14: minor | E14: 0.97
A15: Y | B15: No rheumatoid nodules | C15: 1- | D15: minor | E15: 0.98
C17: Manual | D17: Coded | F17: Quintile Points
B18: Total # of Major Features (1+) | D18: =COUNTIFS($A$8:$A$15,"Y",$C$8:$C$15,"1+",$D$8:$D$15,"MAJOR") -> 1 | E18: =D18*6 -> 6 | F18: =ROUNDDOWN(D18/1,0) -> 1
B19: Total # of Major Features (1-) | D19: =COUNTIFS($A$8:$A$15,"Y",$C$8:$C$15,"1-",$D$8:$D$15,"MAJOR") -> 0 | E19: =D19*3 -> 0 | F19: =-1*ROUNDDOWN(D19/2,0) -> 0
B20: Total # of Minor Features (1+) | D20: =COUNTIFS($A$8:$A$15,"Y",$C$8:$C$15,"1+",$D$8:$D$15,"minor") -> 0 | E20: =D20*2 -> 0 | F20: =ROUNDDOWN(D20/3,0) -> 0
B21: Total # of Minor Features (1-) | D21: =COUNTIFS($A$8:$A$15,"Y",$C$8:$C$15,"1-",$D$8:$D$15,"minor") -> 1 | E21: =D21*1 -> 1 | F21: =-1*ROUNDDOWN(D21/6,0) -> 0
A23: Weighted Key Features | E23: =(E18+E20)-(E19+E21) -> 5
B25: Starting Quintile) | C25: 0-20
B26: Ending Quintile Ideal | C26: 20-40
B27: Ending Quintile Real | C27: =10+(SUM(F18:F21)*20) -> 30
B28: Pre-test odds | C28: 0.1
B29: Post-test odds | C29: 0.3
B32: Note: Raynauds phenomenon in a patient with polyarthralgias is just as common in OA as it is in RA (only has discriminatory value for mixed connective tissue diseases and scleroderma) - Carroll et al., Annals of Rheumatic Diseases 1981

Sheet CREST
B1: Key Features by Dimension
B3: Major Feature | C3: Unknown LR = Regression to the Mean
B4: Minor Feature
A7: Y/N | B7: Esophageal Dysphagia | C7: Direction | D7: Major or Minor | E7: LR
A8: Y | B8: Alternative cause becomes obvious: esoph dysphagia (food gets stuck or relieved by regurgitation of food) | C8: 1+ | D8: MAJOR | E8: 2
A9: Y | B9: Raynauds phenomenon | C9: 1+ | D9: MAJOR | E9: 4
A10: Y | B10: Rash (telangiectasias) | C10: 1+ | D10: MAJOR | E10: 6.9
A11: Y | B11: Hand pain out of proportion to other joints (must be specific) | C11: 1+ | D11: minor | E11: 1.25
A12: N | B12: Current heartburn or reflux | C12: 1+ | D12: minor | E12: 1.25
A13: N | B13: Long-standing heartburn and reflux (duration of years) | C13: 1+ | D13: minor | E13: 1.25
A14: N | B14: Difficulty swallowing liquids | C14: 1+ | D14: minor | E14: 1.25
A15: Y | B15: Weight loss | C15: 1+ | D15: minor | E15: 1.25
A16: Y | B16: FHx of RA | C16: 1+ | D16: minor | E16: 1.25
A18: N | B18: no associated shortness of breath | C18: 1- | D18: minor | E18: 0.97
C20: Manual | D20: Coded | F20: Quintile Points
B21: Total # of Major Features (1+) | D21: =COUNTIFS($A$8:$A$18,"Y",$C$8:$C$18,"1+",$D$8:$D$18,"MAJOR") -> 3 | E21: =D21*6 -> 18 | F21: =ROUNDDOWN(D21/1,0) -> 3
B22: Total # of Major Features (1-) | D22: =COUNTIFS($A$8:$A$18,"Y",$C$8:$C$18,"1-",$D$8:$D$18,"MAJOR") -> 0 | E22: =D22*3 -> 0 | F22: =-1*ROUNDDOWN(D22/2,0) -> 0
B23: Total # of Minor Features (1+) | D23: =COUNTIFS($A$8:$A$18,"Y",$C$8:$C$18,"1+",$D$8:$D$18,"minor") -> 3 | E23: =D23*2 -> 6 | F23: =ROUNDDOWN(D23/3,0) -> 1
B24: Total # of Minor Features (1-) | D24: =COUNTIFS($A$8:$A$18,"Y",$C$8:$C$18,"1-",$D$8:$D$18,"minor") -> 0 | E24: =D24*1 -> 0 | F24: =-1*ROUNDDOWN(D24/6,0) -> 0
A26: Weighted Key Features | E26: =(E21+E23)-(E22+E24) -> 24
B28: Starting Quintile | C28: 0-20
B29: Ending Quintile Ideal | C29: 80-100
B30: Ending Quintile Real | C30: =10+(SUM(F21:F24)*20) -> 90
B31: Pre-test odds | C31: 0.1
B32: Post-test odds | C32: 0.9

Sheet PR score
A1: Y/N | B1: Problem representation score (defining the problem): | C1: PR priorities | D1: Possible Points | E1: Qualitative feedback: key points in defining the problem (move from a proximal, surface, non-specific level of understanding to distal, deep, discriminating features targeted to timeline of interest)
A2: 1 | B2: Defining the syndrome: Asking what brought them in today (CC) | C2: Defining the syndrome (max 3) | D2: 1 | E2: CC provides focus (the "pivot") for the interview. Without a single well defined problem to start the interview, subsequent questions risk being aimless or irrelevant to the encounter. The hypothetical deductive approach to interviewing hinges on targeted questions, all stemming from a clearly defined CC.
A3: 1 | B3: Refining the CC ("what do you mean when you say… dizzy?" or "tell me more about the chest pain…") | D3: 1 | E3: Proximal or vague symptoms in isolation (fatigue, dizziness, fog, weakness) are poorly defined and don't allow for more targeted questions
A4: 1 | B4: Asking about associated symptoms ("what other symptoms have occurred over the past few…?") | D4: 1 | E4: Defining the syndrome (clusters of associated features) helps consider unifying causes to disease or explore other pivots that may have a more fruitful or narrower ddx
A5: 0 | B5: Inciting event? ("what were you doing when you first noticed the chest pain?") | C5: Establishing & exploring the context (max 2) | D5: 1 | E5: Premature closure on distal symptoms (e.g. chest pain) can be prevented by exploring the context with open-ended Qs. The patient can typically tell you exactly what's going on… if only asked in an inviting, non-leading, and open-ended manner. "In this case, you did (or did not) establish what the patient was doing when their _______ first appeared"
A6: 1 | B6: Exploring the context ("tell me more about where you were at…" or "when you say it's happening at night, what specifically is happening when that occurs?") | D6: 1 | E6: Probing is an active listening technique that helps excavate pertinent ROS. "In this case, you did (or did not) probe about…"
A7: 1 | B7: Duration of symptoms? (to define timeline of initial context)… "how long has the CC been going on?" or "when were you last well?" or "when did your first notice trouble swallowing?" | C7: Timing and tempo (max 3) | D7: 1
A8: 0 | B8: Tempo: progression of symptoms over what time period: insidious, subacute, acute, hyperacute? "over what time period did the chest pain get worse?" | D8: 1 | E8: Modifiers of hyperacute, acute, sudden-onset, subacute, acute on chronic, progressive, insidious are helpful in establishing the trajectory or pattern of an illness to narrow the ddx. Specific periods of divergence in how symptoms change or escalate help target inflection points in the timeline of illness. "When were you last normal?" counts in this section
A9: 0 | B9: Defining chronicity of CC or associated symptoms as recurrent, exacerbated from baseline, or a new problem ("Does this abd pain happens every month or is it new?" or ") | D9: 1 | E9: Past events predict future events. If something has occurred before, it's likely to occur again. This increases suspicion for exacerbating features.
A10: 0 | B10: Location, character, or radiating features | C10: Characterization / Localization | D10: 1 | E10: Localizing the problem is important in moving from proximal to distal (e.g. right lateral, non-radiating knee pain is better than right leg pain). Semantic qualifiers like unilateral vs bilateral, proximal vs distal, radiating vs non-radiating count in this section.
A11: 1 | B11: Exacerbating / alleviating factors? | C11: Precipitating / Palliating | D11: 1 | E11: If a symptom or complaint has a common trigger or unifying exposure or time of day. (e.g. post-prandial pain, pleuritic pain, positional pain, nocturnal vs early AM vs worse after use)
A12: 0 | B12: Functional severity? ("6/10" or can include what have you been unable to do now that you used to be able to do?) | C12: Severity | D12: 1 | E12: It is difficult to assess the proportionality of a problem without assessing its severity. Hypotheticodeductive reasoning allows you to test hypotheses using the law of proportionality. Would ______ cause something to be this severe?
A13: 0 | B13: Summarizing problem rep for patient to correct or fill gaps ("so you're saying the GERD has been going on for 10 years and it used to be controlled by ant-acids but now it's not and the character of pain is different?") | C13: Summarization | D13: 1 | E13: Summarizing is an active listening skill that allows the patient to audit what has been said, add to any missing pieces, or correct any miscommunications. It's also an opportunity for the patient to place emphasis in an area that is particularly important which can help signal where to probe for additional information.
A14: 1 | B14: PMHx: immunodeficiency (normal host or not), polypharmacy, high risk meds, frailty, race, BMI; Age / sex does not count as its given in the stem | C14: Host epidemiology that increases or decreases baseline risk | D14: 1 | E14: ex) "uncontrolled DM2" or "untreated HIV"
A15: 1 | B15: FHx, SHx (tobacco, EtOH, sexual hx, recent travel to endemic region) | D15: 1 | E15: ex) recent unprotected sexual encounters
A16: 1 | B16: Iatrogenic risks: inquiry about new meds, medication changes, recent hospital stay, PSHx (counts even if procedures / surgeries are not recent), recent immobility, or recent doctor visits | D16: 1 | E16: ex) history of fundoplication or EGD ("endoflip" procedure)
A17: 1 | B17: Synthesizing the problem into a concise summary sentence of key features (assessed as whether key word is included in top 3 ddx, in this case "esophageal" or "dysphagia" but not GERD. | C17: Prioritization, organization, and synthesis of data | D17: 1 | E17: ex) progressive esophageal dysphagia with raynauds, weight loss, and positional chest pain that resolves with regurgitation of food, concerning for food impaction
A18: =SUM(A2:A17) -> 10 | B18: Total points earned towards PR score | C18: Total points possible | D18: =SUM(D2:D17) -> 16
